Batch ,Sample_ID
001,NH13-1256
001,NH13-1730
001,NH13-581
001,NH14-1206
001,NH14-1589
001,NH14-2217
001,NH14-2331
001,NH14-911
001,NH15-40
001,NH15-5
002,NH07-1129
002,NH11-1207
002,NH13-1014
002,NH13-1444
002,NH13-1974
002,NH14-1226
002,NH14-1514
002,NH14-1533
002,NH14-4
002,NH96-415
003,NH14-1
003,NH14-1319
003,NH14-1367
003,NH14-205
003,NH14-2103
003,NH14-261
003,NH14-306
003,NH14-326
003,NH14-411
003,NH14-495
003,NH14-660
003,NH14-855
005,NH08-210
013,NH16-440
015,NH16-580
015,NH16-623
015,NH16-862
018,NH16-1084
018,NH16-1309
018,NH16-155
019,NH11-1296
019,NH16-2632
020,NH16-2435
020,NH16-2561
020,NH16-2660
020,NH16-2771
020,NH16-2798
020,NH16-2872
020,NH16-2875
020,NH16-2995
020,NH17-3
021,NH16-1240
021,NH16-1976
021,NH16-2214
021,NH16-2251
021,NH16-2255
021,NH16-2342
021,NH16-2806
022,NH16-2577
022,NH17-131
022,NH17-156
022,NH17-157
022,NH17-168
022,NH17-171
022,NH17-211
023,NH16-378
023,NH17-386
023,NH17-414
023,NH17-419
023,NH17-683
024,NH11-44
024,NH14-108
024,NH17-1017
024,NH17-1036
024,NH17-1049
024,NH17-1079
024,NH17-1123
024,NH17-734
024,NH17-982
025,NH17-1131
025,NH17-1256
025,NH17-1389
025,NH17-1417
025,NH17-1428
025,NH17-555
025,NH17-626
025,NH17-839
026,NH17-1158
026,NH17-1654
026,NH17-1746
027,NH16-1084
027,NH16-872
027,NH17-1049
027,NH17-1293
027,NH17-1482
027,NH17-1535
027,NH17-1619
029,NH17-1923
030,NH17-2163
030,NH17-2466
035,NH17-676
037,NH17-1972
037,NH17-2453
037,NH17-2506
037,NH17-2598
037,NH17-2689
038,NH17-2862
038,NH17-2912
041,NH17-2845
041,NH17-2904
041,NH17-2915
041,NH17-2955
041,NH17-3065
046,NH17-2698
046,NH17-2956
046,NH17-2982
046,NH17-3068
046,NH18-101
046,NH18-151
046,NH18-99
047,NH18-198
047,NH18-199
047,NH18-205
047,NH18-258
047,NH18-289
047,NH18-51
048,NH18-145
048,NH18-514
048,NH18-595
048,NH18-663
049,NH18-582
049,NH18-646
049,NH18-716
049,NH18-741
049,NH18-804
049,NH18-807
050,NH14-2173
050,NH18-692
050,NH18-738
050,NH18-762
050,NH18-800
051,NH18-823
051,NH18-825
051,NH18-828
051,NH18-921
051,NH18-930
051,NH18-941
052,NH17-2085
052,NH18-1022
052,NH18-951
052,NH18-976
052,NH18-995
053,NH18-1086
053,NH18-1108
053,NH18-973
054,NH18-1082
054,NH18-1196
054,NH18-1233
055,NH18-1250
055,NH18-1269
055,NH18-1271
056,NH18-1296
056,NH18-1423
056,NH18-1453
056,NH18-1475
056,NH18-1486
057,NH18-1224
057,NH18-1330
057,NH18-1361
057,NH18-1513
057,NH18-1609
058,NH18-1659
058,NH18-1679
058,NH18-1680
059,NH18-1660
059,NH18-1760
059,NH18-1829
060,NH18-1780
060,NH18-1875
060,NH18-1878
060,NH18-1925
060,NH18-1963
061,NH18-1912
061,NH18-1981
061,NH18-1982
061,NH18-2002
061,NH18-2060
062,NH18-2050
062,NH18-2063
063,NH18-1828
063,NH18-2160
063,NH18-2236
064,NH18-2070
064,NH18-2237
064,NH18-2253
065,NH18-2284
065,NH18-2298
065,NH18-2314
065,NH18-2316
065,NH18-2346
067,NH18-2420
067,NH18-2423
067,NH18-2552
068,NH18-2624
068,NH18-2660
070,NH18-2665
070,NH18-2669
070,NH18-2678
070,NH18-2738
070,NH18-2748
070,NH18-2749
071,NH18-2750
071,NH18-2829
072,NH18-2768
072,NH18-2869
072,NH18-2910
072,NH18-2929
073,NH18-2850
073,NH18-2918
073,NH19-2
073,NH19-29
073,NH19-36
074,NH19-91
075,NH19-144
075,NH19-146
075,NH19-189
075,NH19-192
075,NH19-195
075,NH19-197
076,NH19-207
076,NH19-210
077,NH19-239
078,NH18-2810
078,NH19-395
078,NH19-410
078,NH19-471
079,NH19-117
079,NH19-450
079,NH19-505
079,NH19-509
079,NH19-525
080,NH19-396
080,NH19-476
080,NH19-489
080,NH19-553
080,NH19-596
081,NH15-1432
081,NH19-624
081,NH19-648
082,NH19-673
082,NH19-687
083,NH19-664
083,NH19-682
083,NH19-717
083,NH19-818
084,NH19-890
085,NH19-881
085,NH19-918
086,NH19-1024
086,NH19-1047
086,NH19-961
086,NH19-965
086,NH19-968
087,NH19-1063
087,NH19-925
088,NH19-1130
088,NH19-1137
088,NH19-1166
088,NH19-894
088,NH19-900
089,NH19-958
090,NH19-1280
090,NH19-1308
090,NH19-1324
090,NH19-828
091,NH19-1163
092,NH19-1383
092,NH19-1444
093,NH19-1281
093,NH19-1283
093,NH19-1512
093,NH19-1517
093,NH19-1530
095,NH19-1591
095,NH19-1696
096,NH19-1741
096,NH19-1827
097,NH19-1732
097,NH19-1881
098,NH19-1873
098,NH19-1906
099,NH19-1961
099,NH19-1965
100,NH19-1638
100,NH19-1703
100,NH19-2003
101,NH19-1843
101,NH19-2043
101,NH19-2077
101,NH19-2099
102,NH19-2024
102,NH19-2035
102,NH19-2157
103,NH19-2050
103,NH19-2146
103,NH19-2200
105,NH19-2093
105,NH19-2193
105,NH19-2297
106,NH19-1901
106,NH19-2379
107,NH19-2175
107,NH19-2365
107,NH19-2406
107,NH19-2409
107,NH19-2429
107,NH19-2462
108,NH19-2496
109,NH19-2504
109,NH19-2525
109,NH19-2546
109,NH19-2553
110,NH19-2317
111,NH19-2626
111,NH19-2643
111,NH19-2647
111,NH19-2663
112,NH19-2566
112,NH19-2635
112,NH19-2662
112,NH19-2685
112,NH19-2698
113,NH19-2744
113,NH19-2850
114,NH19-2867
114,NH19-2876
114,NH19-2879
114,NH19-2886
115,NH19-2975
116,NH19-2951
116,NH19-2997
116,NH19-3014
116,NH19-3048
117,NH19-2972
117,NH19-3012
117,NH19-3074
117,NH19-3159
119,NH19-2876
119,NH19-3122
119,NH19-3189
120,NH19-3031
120,NH19-3191
121,NH19-3261
122,NH19-3238
122,NH19-3286
122,NH19-3363
122,NH19-3385
123,NH19-3039
123,NH19-3158
123,NH19-3378
123,NH19-3423
124,NH19-3447
124,NH19-3466
124,NH19-3503
124,NH19-3510
125,NH19-3274
126,NH20-107
126,NH20-122
126,NH20-123
126,NH20-143
126,NH20-147
127,NH20-113
127,NH20-193
127,NH20-232
127,NH20-250
127,NH20-269
129,NH20-360
129,NH20-362
129,NH20-365
130,NH20-126
130,NH20-204
130,NH20-403
130,NH20-435
132,NH20-471
132,NH20-528
132,NH20-544
133,NH09-1467
133,NH20-336
133,NH20-397
133,NH20-539
133,NH20-567
133,NH20-568
133,NH20-570
134,NH20-601
135,NH20-661
136,NH20-667
136,NH20-677
136,NH20-679
136,NH20-689
136,NH20-733
137,NH17-560
137,NH20-668
137,NH20-703
137,NH20-743
138,NH20-756
138,NH20-773
138,NH20-779
138,NH20-784
138,NH20-810
139,NH20-878
140,NH20-803
140,NH20-804
140,NH20-829
140,NH20-832
141,NH20-894
141,NH20-895
141,NH20-921
141,NH20-938
141,NH20-958
142,NH20-582
142,NH20-583
142,NH20-957
142,NH20-969
143,NH20-1017
143,NH20-727
143,NH20-916
144,NH20-1023
144,NH20-1077
144,NH20-1081
144,NH20-1118
145,NH20-1059
145,NH20-1147
145,NH20-1163
145,NH20-1185
146,NH20-1172
146,NH20-1204
146,NH20-1217
146,NH20-1248
147,NH20-1278
147,NH20-1294
147,NH20-1307
148,NH20-1259
148,NH20-1304
148,NH20-1330
149,NH20-1364
149,NH20-1378
149,NH20-1391
149,NH20-1398
150,NH20-1247
150,NH20-1401
150,NH20-1406
150,NH20-1415
150,NH20-1416
151,NH20-1358
151,NH20-1414
151,NH20-1480
152,NH20-1102
152,NH20-1417
152,NH20-1467
152,NH20-1480
152,NH20-1493
153,NH20-1538
154,NH20-1450
154,NH20-1590
155,NH19-2365
155,NH20-1513
155,NH20-1550
155,NH20-1621
155,NH20-1636
156,NH20-1570
156,NH20-1680
157,NH20-1359
157,NH20-1685
157,NH20-1691
158,NH20-1359
158,NH20-1631
158,NH20-1672
158,NH20-1684
159,NH18-2815
159,NH20-1774
159,NH20-1778
160,NH20-1721
160,NH20-1760
160,NH20-1767
160,NH20-1788
161,NH20-1659
161,NH20-1743
161,NH20-1811
162,NH20-1686
162,NH20-1827
162,NH20-1862
163,NH20-1825
163,NH20-1904
164,NH20-1777
164,NH20-1831
164,NH20-1860
164,NH20-1883
165,NH19-2371
165,NH20-1936
165,NH20-1944
165,NH20-1970
165,NH20-1991
166,NH20-2010
166,NH20-2034
166,NH20-2048
167,NH20-2054
167,NH20-2055
167,NH20-2066
167,NH20-2069
168,NH20-1911
168,NH20-1929
168,NH20-1983
168,NH20-2129
169,NH20-2080
169,NH20-2122
169,NH20-2125
170,NH20-2021
170,NH20-2238
170,NH20-2239
171,NH20-2108
171,NH20-2144
171,NH20-2180
171,NH20-2182
172,NH20-1927
172,NH20-2141
172,NH20-2215
172,NH20-2221
173,NH20-1999
173,NH20-2242
173,NH20-2249
173,NH20-2275
174,NH20-2168
174,NH20-2243
174,NH20-2259
174,NH20-2288
174,NH20-2289
175,NH20-2202
175,NH20-2317
175,NH20-2318
175,NH20-2319
175,NH20-2320
175,NH20-2321
176,NH20-2127
176,NH20-2174
176,NH20-2339
176,NH20-2345
177,NH20-2223
177,NH20-2253
177,NH20-2264
177,NH20-2344
177,NH20-2365
177,NH20-2382
178,NH20-2387
178,NH20-2390
179,NH20-2267
179,NH20-2368
179,NH20-2422
180,NH20-2430
180,NH20-2445
180,NH20-2461
180,NH20-2478
181,NH20-1919
181,NH20-2204
181,NH20-2474
181,NH20-2494
181,NH20-2496
181,NH20-2497
182,NH20-2305
182,NH20-2559
183,NH20-1908
183,NH20-2517
183,NH20-2556
183,NH20-2577
183,NH20-2581
183,NH20-2594
183,NH20-2605
184,NH20-2503
184,NH20-2598
184,NH20-2618
184,NH20-2651
185,NH20-2535
185,NH20-2579
185,NH20-2609
185,NH20-2653
186,NH20-2697
188,NH20-2750
188,NH20-2761
188,NH20-2771
189,NH20-2801
189,NH20-2803
189,NH20-2811
190,NH20-2430
190,NH20-2699
190,NH20-2723
190,NH20-2828
191,NH20-2665
191,NH20-2700
191,NH20-2760
191,NH20-2881
191,NH20-2906
192,NH20-2767
192,NH20-2903
192,NH20-2913
192,NH20-2914
192,NH20-2915
193,NH20-2945
193,NH20-2954
195,NH20-2916
195,NH20-3000
195,NH21-20
195,NH21-21
195,NH21-7
196,NH20-2973
196,NH21-34
196,NH21-37
196,NH21-46
196,NH21-47
197,NH21-26
197,NH21-45
197,NH21-48
197,NH21-53
197,NH21-59
198,NH20-3024
198,NH21-101
198,NH21-102
198,NH21-103
198,NH21-104
198,NH21-120
198,NH21-95
199,NH21-135
200,NH21-157
200,NH21-159
200,NH21-160
200,NH21-79
201,NH21-139
201,NH21-164
202,NH06-876
203,NH21-178
203,NH21-209
203,NH21-220
203,NH21-251
204,NH21-130
204,NH21-271
204,NH21-279
204,NH21-280
204,NH21-76
205,NH21-288
205,NH21-314
205,NH21-316
206,NH20-3030
206,NH21-329
206,NH21-358
206,NH21-359
206,NH21-383
207,NH21-335
207,NH21-386
207,NH21-393
207,NH21-423
207,NH21-424
208,NH21-306
208,NH21-430
208,NH21-475
209,NH21-379
209,NH21-404
209,NH21-414
209,NH21-481
210,NH21-470
210,NH21-511
210,NH21-524
210,NH21-532
211,NH21-538
211,NH21-555
211,NH21-573
211,NH21-587
212,NH19-2014
212,NH21-607
212,NH21-610
213,NH21-492
213,NH21-544
213,NH21-595
213,NH21-689
213,NH21-694
214,NH21-641
214,NH21-701
214,NH21-702
214,NH21-703
215,NH21-725
215,NH21-766
215,NH21-767
215,NH21-779
216,NH21-742
216,NH21-743
216,NH21-758
217,NH21-807
217,NH21-841
217,NH21-910
218,NH21-887
218,NH21-888
220,NH21-799
220,NH21-910
221,NH21-942
221,NH21-972
222,NH21-1009
222,NH21-858
222,NH21-983
223,NH21-1053
223,NH21-1125
223,NH21-881
224,NH21-1121
224,NH21-1132
224,NH21-1139
224,NH21-1149
224,NH21-1167
224,NH21-1173
224,NH21-985
225,NH21-1031
225,NH21-1110
225,NH21-1163
225,NH21-1190
226,NH21-1199
226,NH21-1229
227,NH21-1245
227,NH21-1248
228,NH18-2117
228,NH21-1278
228,NH21-1315
228,NH21-1332
228,NH21-1333
229,NH21-1297
229,NH21-1335
229,NH21-1344
230,NH21-1192
230,NH21-1263
230,NH21-1356
230,NH21-1411
231,NH21-1298
231,NH21-1438
231,NH21-1456
231,NH21-1460
231,NH21-1465
231,NH21-799
232,NH21-1429
232,NH21-1474
233,NH21-1442
233,NH21-1524
233,NH21-1572
233,NH21-1589
234,NH21-1256
234,NH21-1545
234,NH21-1549
234,NH21-1570
235,NH21-1587
235,NH21-1588
236,NH21-1420
236,NH21-1580
236,NH21-1604
236,NH21-1613
237,NH21-1546
237,NH21-1585
237,NH21-1610
237,NH21-1635
238,NH21-1617
238,NH21-1661
238,NH21-1676
239,NH21-1637
239,NH21-1652
239,NH21-1729
240,NH21-1699
240,NH21-1702
240,NH21-1739
241,NH21-1537
241,NH21-1717
241,NH21-1749
242,NH21-1474
242,NH21-1523
242,NH21-1645
242,NH21-1768
243,NH21-1790
243,NH21-1805
243,NH21-1811
244,NH21-1783
244,NH21-1828
245,NH21-1852
245,NH21-1875
246,NH21-1885
246,NH21-1913
246,NH21-1934
246,NH21-1944
247,NH21-1947
247,NH21-1954
247,NH21-1977
248,NH14-2217
249,NH17-540
250,NH05-418
250,NH21-1961
250,NH21-1966
251,NH21-1852
251,NH21-2009
251,NH21-2015
251,NH21-2027
252,NH21-1996
252,NH21-1997
252,NH21-1998
252,NH21-1999
252,NH21-2000
252,NH21-2001
252,NH21-2002
252,NH21-2003
253,NH21-1970
254,NH21-1752
254,NH21-2025
254,NH21-2045
254,NH21-2052
254,NH21-2053
254,NH21-2064
255,NH21-2063
255,NH21-2083
256,NH21-2088
256,NH21-2102
256,NH21-2137
257,NH21-2151
257,NH21-2163
258,NH21-2202
258,NH21-2213
258,NH21-2215
259,NH21-2210
259,NH21-2270
260,NH21-1972
260,NH21-2279
260,NH21-2292
261,NH21-2261
261,NH21-2298
261,NH21-2308
261,NH21-2309
262,NH21-2026
262,NH21-2240
262,NH21-2336
263,NH21-2294
263,NH21-2426
264,NH21-2371
264,NH21-2373
264,NH21-2391
277,NH21-2456
277,NH21-2459
278,NH21-2214
278,NH21-2471
278,NH21-2491
279,NH21-2490
279,NH21-2537
279,NH21-2546
280,NH21-1864
280,NH21-2502
280,NH21-2548
280,NH21-2576
281,NH21-1864
281,NH21-2561
281,NH21-2577
281,NH21-2588
281,NH21-2592
281,NH21-2636
282,NH20-749
282,NH21-2379
282,NH21-2601
282,NH21-2634
283,NH21-2624
283,NH21-2632
285,NH17-570
285,NH20-875
285,NH21-2546
285,NH21-2618
285,NH21-2699
285,NH21-2700
285,NH21-2706
286,NH21-2400
286,NH21-2693
286,NH21-2709
286,NH21-2710
286,NH21-2714
286,NH21-2722
287,NH18-1724
287,NH21-2736
287,NH21-2758
287,NH21-2762
287,NH21-2766
288,NH21-2730
288,NH21-2733
288,NH21-2755
288,NH21-2780
288,NH21-2801
289,NH21-1864
289,NH21-2499
289,NH21-2689
289,NH21-2775
289,NH21-2797
289,NH21-2803
291,NH21-2571
291,NH21-2871
292,NH14-1021
292,NH21-2863
292,NH21-2893
292,NH21-2898
293,NH21-2911
293,NH21-2930
294,NH16-1084
295,NH16-1084
296,NH21-2939
296,NH21-2956
297,NH21-2805
297,NH21-2919
297,NH21-2946
298,NH21-2962
298,NH21-2963
298,NH21-2968
298,NH21-2977
299,NH21-2973
299,NH21-2992
299,NH21-3006
299,NH21-3028
300,NH21-2993
300,NH21-3008
300,NH21-3012
300,NH21-3036
301,NH21-3029
302,NH21-3055
302,NH21-3065
302,NH21-3071
302,NH21-3082
302,NH21-3090
303,NH16-456
303,NH21-3051
303,NH21-3073
303,NH21-3081
303,NH21-3086
303,NH21-3124
304,NH21-2882
304,NH21-2952
304,NH21-2954
304,NH21-3118
304,NH21-3234
305,NH21-3027
305,NH21-3142
305,NH21-3153
306,NH21-3167
306,NH21-3199
307,NH21-3175
307,NH21-3188
307,NH21-3210
307,NH21-3213
308,NH21-3227
308,NH21-3231
308,NH21-3238
308,NH21-3243
308,NH21-3251
309,NH21-3255
309,NH21-3262
309,NH21-3276
309,NH21-3284
309,NH21-3298
310,NH21-3104
310,NH21-3257
310,NH21-3265
310,NH21-3267
310,NH21-3287
311,NH21-3318
311,NH21-3321
311,NH21-3326
311,NH21-3328
312,NH21-3354
312,NH21-3357
312,NH21-3360
313,NH21-3350
313,NH21-3351
313,NH21-3356
314,NH21-3402
314,NH21-3404
314,NH22-18
315,NH22-22
315,NH22-45
316,NH21-3253
316,NH22-55
316,NH22-73
316,NH22-76
316,NH22-79
316,NH22-81
316,NH22-82
317,NH22-106
317,NH22-116
318,NH16-158
318,NH17-1108
318,NH22-107
318,NH22-114
318,NH22-143
319,NH12-1777
319,NH22-147
319,NH22-175
319,NH22-202
319,NH22-54
320,NH22-168
320,NH22-171
320,NH22-188
320,NH22-190
323,NH21-3401
323,NH22-209
323,NH22-211
323,NH22-214
323,NH22-225
324,NH22-235
324,NH22-251
324,NH22-284
325,NH22-176
325,NH22-237
325,NH22-238
325,NH22-299
325,NH22-81
326,NH22-314
326,NH22-317
326,NH22-320
327,NH22-312
328,NH22-321
328,NH22-359
328,NH22-392
331,NH14-176
331,NH21-3217
331,NH22-214
331,NH22-390
331,NH22-396
332,NH22-366
332,NH22-395
333,NH22-279
333,NH22-417
333,NH22-434
333,NH22-448
334,NH14-1617
334,NH22-443
334,NH22-455
334,NH22-465
334,NH22-472
335,NH22-392
335,NH22-452
335,NH22-496
335,NH22-506
336,NH22-513
336,NH22-522
337,NH22-520
337,NH22-557
337,NH22-561
337,NH22-563
337,NH22-572
337,NH22-573
337,NH22-586
338,NH22-548
338,NH22-560
338,NH22-625
339,NH20-25
339,NH22-469
339,NH22-607
340,NH14-633
340,NH22-567
340,NH22-639
340,NH22-653
340,NH22-670
343,NH22-579
343,NH22-709
343,NH22-720
343,NH22-723
344,NH22-747
344,NH22-785
344,NH22-794
345,NH22-582
345,NH22-768
345,NH22-792
345,NH22-803
345,NH22-804
347,NH22-823
347,NH22-841
348,NH22-800
348,NH22-847
348,NH22-851
348,NH22-858
348,NH22-860
348,NH22-861
349,NH22-583
349,NH22-685
349,NH22-857
349,NH22-868
350,NH22-905
350,NH22-908
350,NH22-909
350,NH22-910
351,NH22-892
351,NH22-912
351,NH22-923
351,NH22-934
351,NH22-950
352,NH22-866
352,NH22-974
352,NH22-981
352,NH22-982
353,NH22-1004
353,NH22-1013
353,NH22-931
353,NH22-959
353,NH22-993
354,NH22-1034
355,NH22-1006
355,NH22-1028
357,NH16-793
357,NH22-1079
357,NH22-795
358,NH22-1109
358,NH22-1122
358,NH22-1153
358,NH22-966
359,NH22-1163
359,NH22-1169
359,NH22-925
359,NH22-932
360,NH15-1188
360,NH22-1167
360,NH22-1173
360,NH22-1182
360,NH22-1195
360,NH22-127
361,NH22-1196
361,NH22-1200
361,NH22-1226
361,NH22-1227
362,NH22-1187
362,NH22-1211
362,NH22-1228
362,NH22-1229
362,NH22-1231
362,NH22-1232
363,NH15-1018
363,NH22-1127
363,NH22-1217
363,NH22-1241
363,NH22-1252
363,NH22-1253
364,NH22-1246
364,NH22-1265
364,NH22-1317
365,NH22-1180
365,NH22-1184
365,NH22-1282
365,NH22-1292
366,NH22-1293
366,NH22-1310
367,NH22-1339
367,NH22-1341
367,NH22-1354
368,NH22-1357
368,NH22-1358
368,NH22-1372
369,NH22-1194
369,NH22-1361
369,NH22-1376
369,NH22-1408
371,NH21-2260
371,NH22-1192
371,NH22-1427
371,NH22-1454
371,NH22-1456
371,NH22-1457
371,NH22-1459
372,NH22-1428
372,NH22-1440
372,NH22-1444
372,NH22-1473
372,NH22-1474
372,NH22-1475
372,NH22-1498
372,NH22-1503
373,NH22-1494
373,NH22-1499
373,NH22-1512
373,NH22-1543
374,NH22-1317
374,NH22-1463
374,NH22-1480
374,NH22-1483
374,NH22-1516
375,NH22-1265
375,NH22-1515
375,NH22-1517
375,NH22-1561
375,NH22-1578
376,NH22-1500
376,NH22-1559
376,NH22-1587
376,NH22-1611
377,NH22-1276
377,NH22-1610
377,NH22-1630
378,NH22-1442
378,NH22-1534
378,NH22-1654
378,NH22-897
379,NH22-1621
380,NH22-1613
380,NH22-1664
380,NH22-1697
380,NH22-1729
381,NH22-1586
381,NH22-1710
381,NH22-1725
382,NH22-1694
382,NH22-1702
382,NH22-1734
382,NH22-1736
383,NH22-1775
383,NH22-1786
384,NH22-1795
384,NH22-1796
384,NH22-1803
384,NH22-1822
385,NH22-1833
385,NH22-1836
385,NH22-1837
385,NH22-1838
385,NH22-1865
386,NH22-1852
386,NH22-1854
386,NH22-1857
386,NH22-1881
387,NH22-1870
387,NH22-1900
387,NH22-1905
387,NH22-456
388,NH22-1938
388,NH22-1943
388,NH22-1946
389,NH22-1920
389,NH22-1924
389,NH22-1925
389,NH22-1960
389,NH22-1963
390,NH22-1849
390,NH22-1970
391,NH22-1989
391,NH22-2016
391,NH22-2025
391,NH22-2029
392,NH20-2312
392,NH22-2019
392,NH22-2030
392,NH22-2055
392,NH22-2057
392,NH22-2059
392,NH22-2062
393,NH22-2040
393,NH22-2043
394,NH21-2998
394,NH22-1879
394,NH22-2011
394,NH22-2038
394,NH22-2041
394,NH22-2080
395,NH22-2041
395,NH22-2078
395,NH22-2106
395,NH22-2108
396,NH22-2112
396,NH22-2115
396,NH22-2120
397,NH22-2137
398,NH22-2142
398,NH22-2146
398,NH22-2181
398,NH22-2185
399,NH22-2180
399,NH22-2182
399,NH22-2183
399,NH22-2190
399,NH22-2199
400,NH22-2231
401,NH22-2226
401,NH22-2227
401,NH22-2266
402,NH22-2210
402,NH22-2240
402,NH22-2247
402,NH22-2248
403,NH22-2126
403,NH22-2282
403,NH22-2285
403,NH22-2316
404,NH22-2308
404,NH22-2309
404,NH22-2328
405,NH22-2324
405,NH22-2346
405,NH22-2349
405,NH22-2353
406,NH22-2332
406,NH22-2362
406,NH22-2369
407,NH16-1485
407,NH22-2361
408,NH19-1419
408,NH22-2380
408,NH22-2392
408,NH22-2417
408,NH22-2439
409,NH22-2397
409,NH22-2434
409,NH22-2467
410,NH22-2395
410,NH22-2503
410,NH22-2506
410,NH22-2509
410,NH22-2523
410,NH22-2529
411,NH19-2671
411,NH22-2491
411,NH22-2492
411,NH22-2495
412,NH15-1334
412,NH22-2496
412,NH22-2547
412,NH22-2550
412,NH22-2599
413,NH22-2548
413,NH22-2563
413,NH22-2568
413,NH22-2573
413,NH22-2597
413,NH22-2602
414,NH22-2582
414,NH22-2632
415,NH22-2634
415,NH22-2637
416,NH22-2583
416,NH22-2610
416,NH22-2644
416,NH22-2659
416,NH22-2679
417,NH22-2626
417,NH22-2707
418,NH22-2558
418,NH22-2643
418,NH22-2675
418,NH22-2689
418,NH22-2726
419,NH22-2590
419,NH22-2666
419,NH22-2737
420,NH22-2736
420,NH22-2739
420,NH22-2754
420,NH22-2764
421,NH22-2782
422,NH22-2783
422,NH22-2797
422,NH22-2812
422,NH22-2828
422,NH22-2829
422,NH22-2830
423,NH22-2766
423,NH22-2803
423,NH22-2806
423,NH22-2814
423,NH22-2822
423,NH22-2855
424,NH22-2349
424,NH22-2767
424,NH22-2823
424,NH22-2836
424,NH22-2856
425,NH22-2863
425,NH22-2864
425,NH22-2887
426,NH13-1634
426,NH17-2901
426,NH22-1767
426,NH22-2870
426,NH22-2871
426,NH22-2885
427,NH22-2851
427,NH22-2880
427,NH22-2921
428,NH22-2613
428,NH22-2778
428,NH22-2948
428,NH22-2962
429,NH22-2834
429,NH22-2970
429,NH22-2972
429,NH22-2976
430,NH22-2984
430,NH22-2995
431,NH22-2947
431,NH22-2957
431,NH22-3052
431,NH22-3056
432,NH22-3005
432,NH22-3019
432,NH22-3033
432,NH22-3039
433,NH22-3071
433,NH22-3076
434,NH22-2779
435,NH21-1201
435,NH22-3081
435,NH22-3095
435,NH22-3147
436,NH22-3122
436,NH22-3152
436,NH22-3163
436,NH22-3164
437,NH22-3129
437,NH22-3134
437,NH22-3153
437,NH22-3155
437,NH22-3179
438,NH22-2994
438,NH22-3157
438,NH22-3170
438,NH22-3206
439,NH22-2813
439,NH22-3012
439,NH22-3089
439,NH22-3161
440,NH22-3207
440,NH22-3217
440,NH22-3225
440,NH22-3227
441,NH22-3223
441,NH22-3257
442,NH22-3258
442,NH22-3295
442,NH22-3313
442,NH22-3330
443,NH22-2269
443,NH22-3166
443,NH22-3199
443,NH22-3295
443,NH22-3309
444,NH22-3358
444,NH22-3363
444,NH22-3380
444,NH22-3399
445,NH22-3366
446,NH22-3341
446,NH22-3386
446,NH22-3427
446,NH22-3447
447,NH22-3327
447,NH22-3469
448,NH22-3442
448,NH22-3444
448,NH22-3468
448,NH22-3484
449,NH19-3068
449,NH22-3459
449,NH22-3477
449,NH22-3479
449,NH22-3493
450,NH22-3512
450,NH22-3528
451,NH22-3289
451,NH22-3500
451,NH22-3502
451,NH22-3525
451,NH22-3529
452,NH22-3480
452,NH22-3530
453,NH22-3532
453,NH22-3548
453,NH22-3570
453,NH22-3577
453,NH22-3578
453,NH22-3579
453,NH22-3580
454,NH22-3383
454,NH22-3490
454,NH22-3560
454,NH22-3565
454,NH22-3566
454,NH22-3586
455,NH22-3430
455,NH22-3608
456,NH22-3377
456,NH22-3602
456,NH22-3619
456,NH22-3626
456,NH22-3628
456,NH22-3629
456,NH22-3630
457,NH22-3620
457,NH22-3636
458,NH22-3651
458,NH22-3652
458,NH22-3657
458,NH22-3672
458,NH22-3673
459,NH22-3294
459,NH22-3698
460,NH22-3502
460,NH22-3692
460,NH22-3694
460,NH22-3695
460,NH22-3713
461,NH22-3163
461,NH22-3740
461,NH22-3746
462,NH22-3774
462,NH22-3775
462,NH22-3777
462,NH22-3778
462,NH22-3782
463,NH22-3761
463,NH22-3763
463,NH22-3795
463,NH22-3803
464,NH22-3797
464,NH22-3798
464,NH22-3800
464,NH22-3822
465,NH22-3765
465,NH22-3817
465,NH22-3833
466,NH22-3707
466,NH22-3849
466,NH22-3852
466,NH22-3854
467,NH22-3843
467,NH22-3848
468,NH22-3710
468,NH22-3871
469,NH22-3897
469,NH22-3899
469,NH22-3903
469,NH22-3915
469,NH22-3916
469,NH22-3918
470,NH22-3875
470,NH23-20
470,NH23-22
470,NH23-5
471,NH22-3791
471,NH22-3836
471,NH23-30
471,NH23-32
471,NH23-35
471,NH23-9
472,NH16-1137
472,NH22-3791
472,NH22-3836
472,NH23-45
472,NH23-54
473,NH23-60
473,NH23-70
473,NH23-81
474,NH23-63
474,NH23-93
474,NH23-94
474,NH23-99
475,NH23-100
475,NH23-106
475,NH23-107
475,NH23-56
475,NH23-63
475,NH23-64
476,NH23-105
476,NH23-107
476,NH23-120
476,NH23-122
476,NH23-123
477,NH23-126
477,NH23-136
477,NH23-147
477,NH23-157
477,NH23-161
478,NH23-130
478,NH23-172
478,NH23-194
478,NH23-215
479,NH23-199
479,NH23-224
479,NH23-227
480,NH23-197
480,NH23-200
480,NH23-226
480,NH23-232
480,NH23-239
480,NH23-251
481,NH23-262
481,NH23-275
481,NH23-286
481,NH23-340
482,NH23-264
482,NH23-273
482,NH23-293
482,NH23-294
482,NH23-297
483,NH23-269
483,NH23-280
483,NH23-311
484,NH23-287
484,NH23-291
484,NH23-334
484,NH23-336
485,NH23-278
485,NH23-313
485,NH23-318
485,NH23-320
485,NH23-330
486,NH14-460
486,NH23-321
486,NH23-368
486,NH23-388
487,NH23-353
487,NH23-370
487,NH23-371
487,NH23-372
488,NH23-405
488,NH23-408
488,NH23-415
489,NH23-396
489,NH23-412
489,NH23-441
490,NH23-449
491,NH23-484
491,NH23-485
491,NH23-490
492,NH23-445
492,NH23-462
492,NH23-496
493,NH23-454
493,NH23-457
493,NH23-510
493,NH23-513
493,NH23-514
494,NH16-356
494,NH23-504
494,NH23-505
495,NH23-509
495,NH23-525
495,NH23-560
495,NH23-562
495,NH23-571
496,NH23-482
496,NH23-543
496,NH23-545
496,NH23-589
497,NH20-1320
497,NH20-848
497,NH23-542
497,NH23-551
497,NH23-563
497,NH23-568
497,NH23-596
498,NH17-2416
498,NH23-566
498,NH23-567
498,NH23-594
498,NH23-597
499,NH23-555
499,NH23-564
499,NH23-641
500,NH23-288
500,NH23-629
500,NH23-630
501,NH22-93
501,NH23-662
501,NH23-695
501,NH23-696
501,NH23-707
502,NH23-103
502,NH23-602
502,NH23-609
502,NH23-624
502,NH23-713
503,NH23-625
503,NH23-638
503,NH23-644
503,NH23-714
504,NH21-1298
504,NH23-717
504,NH23-720
504,NH23-722
504,NH23-766
505,NH23-724
505,NH23-737
505,NH23-738
505,NH23-778
505,NH23-790
506,NH23-791
506,NH23-795
506,NH23-803
506,NH23-807
507,NH15-2146
507,NH16-2094
507,NH19-2683
507,NH23-748
507,NH23-785
508,NH23-813
508,NH23-827
508,NH23-840
509,NH23-699
509,NH23-866
510,NH23-788
510,NH23-842
511,NH23-875
511,NH23-876
511,NH23-892
511,NH23-901
512,NH23-852
512,NH23-869
512,NH23-872
512,NH23-882
513,NH21-242
513,NH23-858
513,NH23-906
514,NH23-699
514,NH23-873
514,NH23-903
514,NH23-920
514,NH23-941
515,NH23-935
515,NH23-937
515,NH23-939
515,NH23-945
515,NH23-950
516,NH23-924
516,NH23-957
516,NH23-961
516,NH23-962
516,NH23-965
516,NH23-971
517,NH20-1763
517,NH23-966
518,NH23-740
518,NH23-948
518,NH23-978
518,NH23-979
518,NH23-991
519,NH23-1024
519,NH23-1025
519,NH23-972
520,NH23-1003
520,NH23-1012
520,NH23-911
520,NH23-974
520,NH23-995
520,NH23-998
521,NH23-1006
521,NH23-911
523,NH23-1047
523,NH23-1068
524,NH23-1066
524,NH23-1078
524,NH23-1098
524,NH23-1101
524,NH23-1121
525,NH23-1066
525,NH23-1108
525,NH23-1116
525,NH23-1126
525,NH23-1133
525,NH23-1142
526,NH23-1130
526,NH23-1154
526,NH23-1165
526,NH23-1186
527,NH23-1166
527,NH23-1187
527,NH23-1188
528,NH23-1201
528,NH23-1202
528,NH23-1219
529,NH23-1196
529,NH23-1220
529,NH23-1231
529,NH23-1235
529,NH23-1236
529,NH23-1249
529,NH23-1254
530,NH23-1209
530,NH23-1238
530,NH23-1239
530,NH23-1252
530,NH23-1253
531,NH23-1216
532,NH23-1247
532,NH23-1263
532,NH23-1264
532,NH23-1270
